WK,Game Date,OPP,RESULT,COMP,ATT,YDS,AVG,TD,INT,SCK,SCKY,RATE,RUSH ATT,RUSH YDS,RUSH AVG,RUSH TD,FUM,LOST,NAME
17,01/03/2021,@Bears,W 35 - 16,19,24,240,10,4,0,1,3,147.9,1,4,4,0,,,Aaron Rodgers
16,12/28/2020,Titans,W 40 - 14,21,25,231,9.2,4,1,1,17,128.1,3,19,6.3,0,1,0,Aaron Rodgers
15,12/20/2020,Panthers,W 24 - 16,20,29,143,4.9,1,0,5,47,91.6,5,26,5.2,1,,,Aaron Rodgers
14,12/13/2020,@Lions,W 31 - 24,26,33,290,8.8,3,0,0,0,133.6,6,13,2.2,1,,,Aaron Rodgers
13,12/06/2020,Eagles,W 30 - 16,25,34,295,8.7,3,0,2,7,128.9,4,-3,-0.8,0,1,0,Aaron Rodgers
12,11/30/2020,Bears,W 41 - 25,21,29,211,7.3,4,0,0,0,132.3,2,12,6,0,,,Aaron Rodgers
11,11/22/2020,@Colts,L 31 - 34,27,38,311,8.2,3,1,1,10,110.7,3,13,4.3,0,1,1,Aaron Rodgers
10,11/15/2020,Jaguars,W 24 - 20,24,34,325,9.6,2,1,1,10,108.1,3,4,1.3,1,,,Aaron Rodgers
9,11/06/2020,@49ers,W 34 - 17,25,31,305,9.8,4,0,1,11,147.2,1,7,7,0,,,Aaron Rodgers
8,11/01/2020,Vikings,L 22 - 28,27,41,291,7.1,3,0,1,0,110.9,2,9,4.5,0,1,1,Aaron Rodgers
7,10/25/2020,@Texans,W 35 - 20,23,34,283,8.3,4,0,0,0,132.4,,,,,,,Aaron Rodgers
2,09/20/2020,Lions,W 42 - 21,18,30,240,8,2,0,1,11,107.6,2,12,6,0,,,Aaron Rodgers
6,10/18/2020,@Buccaneers,L 10 - 38,16,35,160,4.6,0,2,4,42,35.4,2,14,7,0,,,Aaron Rodgers
4,10/06/2020,Falcons,W 30 - 16,27,33,327,9.9,4,0,1,12,147.5,1,5,5,0,,,Aaron Rodgers
3,09/28/2020,@Saints,W 37 - 30,21,32,283,8.8,3,0,1,12,124.9,2,12,6,0,,,Aaron Rodgers
1,09/13/2020,@Vikings,W 43 - 34,32,44,364,8.3,4,0,0,0,127.5,1,2,2,0,,,Aaron Rodgers
17,01/03/2021,Falcons,W 44 - 27,26,41,399,9.7,4,1,1,8,117.8,5,3,0.6,0,,,Tom Brady
16,12/26/2020,@Lions,W 47 - 7,22,27,348,12.9,4,0,1,7,158.3,,,,,,,Tom Brady
15,12/20/2020,@Falcons,W 31 - 27,31,45,390,8.7,2,0,3,25,110.4,2,-2,-1,0,,,Tom Brady
14,12/13/2020,Vikings,W 26 - 14,15,23,196,8.5,2,0,0,0,120.9,3,-2,-0.7,0,,,Tom Brady
12,11/29/2020,Chiefs,L 24 - 27,27,41,345,8.4,3,2,1,3,96.1,1,-1,-1,0,,,Tom Brady
11,11/24/2020,Rams,L 24 - 27,26,48,216,4.5,2,2,1,7,62.5,,,,,,,Tom Brady
10,11/15/2020,@Panthers,W 46 - 23,28,39,341,8.7,3,0,1,7,124,2,2,1,1,,,Tom Brady
9,11/09/2020,Saints,L 3 - 38,22,38,209,5.5,0,3,3,23,40.4,,,,,,,Tom Brady
8,11/03/2020,@Giants,W 25 - 23,28,40,279,7,2,0,2,16,106.1,1,-1,-1,0,,,Tom Brady
3,09/27/2020,@Broncos,W 28 - 10,25,38,297,7.8,3,0,2,12,115.8,5,0,0,0,1,0,Tom Brady
7,10/25/2020,@Raiders,W 45 - 20,33,45,369,8.2,4,0,0,0,127,1,1,1,1,,,Tom Brady
2,09/20/2020,Panthers,W 31 - 17,23,35,217,6.2,1,1,0,0,80.3,1,0,0,0,1,1,Tom Brady
6,10/18/2020,Packers,W 38 - 10,17,27,166,6.1,2,0,0,0,104.9,,,,,,,Tom Brady
1,09/13/2020,@Saints,L 23 - 34,23,36,239,6.6,2,2,3,15,78.4,3,9,3,1,1,0,Tom Brady
5,10/09/2020,@Bears,L 19 - 20,25,41,253,6.2,1,0,3,20,86.7,3,0,0,0,1,0,Tom Brady
4,10/04/2020,Chargers,W 38 - 31,30,46,369,8,5,1,0,0,117,3,-3,-1,0,,,Tom Brady
17,01/03/2021,Chargers,L 21 - 38,,,,,,,,,,,,,,,,Patrick Mahomes
16,12/27/2020,Falcons,W 17 - 14,24,44,278,6.3,2,1,0,0,79.5,3,21,7,0,,,Patrick Mahomes
15,12/20/2020,@Saints,W 32 - 29,26,47,254,5.4,3,0,4,22,92,7,37,5.3,0,2,1,Patrick Mahomes
14,12/13/2020,@Dolphins,W 33 - 27,24,34,393,11.6,2,3,3,39,91.9,5,9,1.8,0,1,0,Patrick Mahomes
13,12/07/2020,Broncos,W 22 - 16,25,40,318,8,1,0,1,5,95.6,4,26,6.5,0,,,Patrick Mahomes
12,11/29/2020,@Buccaneers,W 27 - 24,37,49,462,9.4,3,0,2,6,124.7,4,28,7,0,1,1,Patrick Mahomes
11,11/23/2020,@Raiders,W 35 - 31,34,45,348,7.7,2,1,0,0,102.8,4,16,4,0,,,Patrick Mahomes
9,11/08/2020,Panthers,W 33 - 31,30,45,372,8.3,4,0,2,11,121.7,1,6,6,0,,,Patrick Mahomes
8,11/01/2020,Jets,W 35 - 9,31,42,416,9.9,5,0,0,0,144.4,,,,,,,Patrick Mahomes
3,09/29/2020,@Ravens,W 34 - 20,31,42,385,9.2,4,0,0,0,133.5,4,26,6.5,1,,,Patrick Mahomes
7,10/25/2020,@Broncos,W 43 - 16,15,23,200,8.7,1,0,3,25,107.2,,,,,,,Patrick Mahomes
2,09/20/2020,@Chargers,W 23 - 20,27,47,302,6.4,2,0,1,13,90.9,6,54,9,0,,,Patrick Mahomes
6,10/19/2020,@Bills,W 26 - 17,21,26,225,8.7,2,0,1,4,128.4,10,36,3.6,0,1,0,Patrick Mahomes
1,09/11/2020,Texans,W 34 - 20,24,32,211,6.6,3,0,1,8,123.3,,,,,,,Patrick Mahomes
5,10/11/2020,Raiders,L 32 - 40,22,43,340,7.9,2,1,3,7,83.5,6,21,3.5,1,,,Patrick Mahomes
4,10/05/2020,Patriots,W 26 - 10,19,29,236,8.1,2,0,1,7,113.6,8,28,3.5,0,,,Patrick Mahomes
17,01/03/2021,Titans,L 38 - 41,28,39,365,9.4,3,1,4,24,115.9,3,12,4,0,,,Deshaun Watson
16,12/27/2020,Bengals,L 31 - 37,24,33,324,9.8,3,0,1,2,133.9,5,38,7.6,0,2,1,Deshaun Watson
15,12/20/2020,@Colts,L 20 - 27,33,41,373,9.1,2,0,5,31,120.8,6,25,4.2,0,1,1,Deshaun Watson
14,12/13/2020,@Bears,L 7 - 36,21,30,219,7.3,1,0,6,52,101.9,7,38,5.4,0,,,Deshaun Watson
13,12/06/2020,Colts,L 20 - 26,26,38,341,9,0,1,5,33,85.5,7,38,5.4,1,2,1,Deshaun Watson
12,11/26/2020,@Lions,W 41 - 25,17,25,318,12.7,4,0,2,11,150.4,8,24,3,0,,,Deshaun Watson
11,11/22/2020,Patriots,W 27 - 20,28,37,344,9.3,2,0,0,0,121.9,6,36,6,1,,,Deshaun Watson
10,11/15/2020,@Browns,L 7 - 10,20,30,163,5.4,1,0,2,10,91.4,8,36,4.5,0,,,Deshaun Watson
9,11/08/2020,@Jaguars,W 27 - 25,19,32,281,8.8,2,0,2,14,109,10,50,5,0,1,0,Deshaun Watson
7,10/25/2020,Packers,L 20 - 35,29,39,309,7.9,2,0,3,23,114.2,7,38,5.4,0,,,Deshaun Watson
2,09/20/2020,Ravens,L 16 - 33,25,36,275,7.6,1,1,4,22,89.5,5,17,3.4,0,,,Deshaun Watson
6,10/18/2020,@Titans,L 36 - 42,28,37,335,9.1,4,0,2,15,138.9,4,26,6.5,0,,,Deshaun Watson
1,09/11/2020,@Chiefs,L 20 - 34,20,32,253,7.9,1,1,4,11,84.5,6,27,4.5,1,,,Deshaun Watson
5,10/11/2020,Jaguars,W 30 - 14,25,35,359,10.3,3,2,1,2,109.1,2,25,12.5,0,,,Deshaun Watson
4,10/04/2020,Vikings,L 23 - 31,20,33,300,9.1,2,0,3,10,110.7,5,9,1.8,0,2,0,Deshaun Watson
3,09/27/2020,@Steelers,L 21 - 28,19,27,264,9.8,2,1,5,33,110.7,1,5,5,0,,,Deshaun Watson
17,01/03/2021,@49ers,W 26 - 23,20,36,181,5,2,0,2,22,87.8,5,29,5.8,0,,,Russell Wilson
16,12/27/2020,Rams,W 20 - 9,20,32,225,7,1,0,5,28,93.9,3,9,3,1,,,Russell Wilson
15,12/20/2020,@Football Team,W 20 - 15,18,27,121,4.5,1,1,0,0,73.2,6,52,8.7,0,,,Russell Wilson
14,12/13/2020,Jets,W 40 - 3,21,27,206,7.6,4,1,0,0,122.6,1,-1,-1,0,,,Russell Wilson
13,12/06/2020,Giants,L 12 - 17,27,43,263,6.1,1,1,5,47,78,7,45,6.4,0,1,1,Russell Wilson
12,12/01/2020,@Eagles,W 23 - 17,22,31,230,7.4,1,0,2,5,102.9,6,12,2,0,,,Russell Wilson
11,11/20/2020,Cardinals,W 28 - 21,23,28,197,7,2,0,3,15,119.8,10,42,4.2,0,2,0,Russell Wilson
10,11/15/2020,@Rams,L 16 - 23,22,37,248,6.7,0,2,6,28,57,8,60,7.5,0,1,1,Russell Wilson
9,11/08/2020,@Bills,L 34 - 44,28,41,390,9.5,2,2,5,28,94.6,2,5,2.5,1,2,2,Russell Wilson
8,11/01/2020,49ers,W 37 - 27,27,37,261,7.1,4,0,2,12,128.3,6,23,3.8,0,,,Russell Wilson
3,09/27/2020,Cowboys,W 38 - 31,27,40,315,7.9,5,0,4,20,130.7,6,22,3.7,0,,,Russell Wilson
7,10/26/2020,@Cardinals,L 34 - 37,33,50,388,7.8,3,3,2,16,84.4,6,84,14,0,,,Russell Wilson
1,09/13/2020,@Falcons,W 38 - 25,31,35,322,9.2,4,0,3,23,143.1,3,29,9.7,0,1,0,Russell Wilson
5,10/12/2020,Vikings,W 27 - 26,20,32,217,6.8,3,1,4,27,100.7,5,58,11.6,0,,,Russell Wilson
4,10/04/2020,@Dolphins,W 31 - 23,24,34,360,10.6,2,1,2,17,112.4,4,5,1.3,0,,,Russell Wilson
2,09/21/2020,Patriots,W 35 - 30,21,28,288,10.3,5,1,2,13,132.1,5,39,7.8,0,,,Russell Wilson
17,01/03/2021,@Bengals,W 38 - 3,10,18,113,6.3,3,1,0,0,91,11,97,8.8,0,,,Lamar Jackson
16,12/27/2020,Giants,W 27 - 13,17,26,183,7,2,0,0,0,111.5,13,80,6.2,0,1,1,Lamar Jackson
15,12/20/2020,Jaguars,W 40 - 14,17,22,243,11,3,1,1,0,133.1,10,35,3.5,1,2,0,Lamar Jackson
14,12/15/2020,@Browns,W 47 - 42,11,17,163,9.6,1,0,4,22,115.6,9,124,13.8,2,,,Lamar Jackson
13,12/09/2020,Cowboys,W 34 - 17,12,17,107,6.3,2,1,0,0,101.8,13,94,7.2,1,1,0,Lamar Jackson
11,11/22/2020,Titans,L 24 - 30,17,29,186,6.4,1,1,1,9,74.8,13,51,3.9,0,,,Lamar Jackson
10,11/16/2020,@Patriots,L 17 - 23,24,34,249,7.3,2,1,2,7,98.8,11,55,5,0,,,Lamar Jackson
9,11/08/2020,@Colts,W 24 - 10,19,23,170,7.4,0,0,2,14,97.5,13,58,4.5,1,,,Lamar Jackson
8,11/01/2020,Steelers,L 24 - 28,13,28,208,7.4,2,2,4,16,65.8,16,65,4.1,0,3,2,Lamar Jackson
3,09/29/2020,Chiefs,L 20 - 34,15,28,97,3.5,1,0,4,27,73.1,9,83,9.2,0,2,1,Lamar Jackson
2,09/20/2020,@Texans,W 33 - 16,18,24,204,8.5,1,0,4,27,113.9,16,54,3.4,0,,,Lamar Jackson
6,10/18/2020,@Eagles,W 30 - 28,16,27,186,6.9,1,0,3,13,92.5,9,108,12,1,,,Lamar Jackson
5,10/11/2020,Bengals,W 27 - 3,19,37,180,4.9,2,1,1,9,71.9,2,3,1.5,0,,,Lamar Jackson
4,10/04/2020,@Football Team,W 31 - 17,14,21,193,9.2,2,1,1,2,107.8,7,53,7.6,1,,,Lamar Jackson
1,09/13/2020,Browns,W 38 - 6,20,25,275,11,3,0,2,14,152.1,7,45,6.4,0,1,0,Lamar Jackson
17,01/03/2021,@Texans,W 41 - 38,18,27,216,8,1,0,2,12,103.3,7,38,5.4,2,,,Ryan Tannehill
16,12/28/2020,@Packers,L 14 - 40,11,24,121,5,1,2,2,17,40.5,3,55,18.3,1,1,0,Ryan Tannehill
15,12/20/2020,Lions,W 46 - 25,21,27,273,10.1,3,0,1,5,145.8,3,21,7,2,,,Ryan Tannehill
14,12/13/2020,@Jaguars,W 31 - 10,19,24,212,8.8,2,0,1,7,131.3,,,,,,,Ryan Tannehill
13,12/06/2020,Browns,L 35 - 41,29,45,389,8.6,3,1,3,20,104.8,,,,,,,Ryan Tannehill
12,11/29/2020,@Colts,W 45 - 26,13,22,221,10,1,0,1,1,108.3,2,3,1.5,1,,,Ryan Tannehill
11,11/22/2020,@Ravens,W 30 - 24,22,31,259,8.4,2,1,2,16,104.1,4,35,8.8,0,2,0,Ryan Tannehill
10,11/13/2020,Colts,L 17 - 34,15,27,147,5.4,1,0,1,10,83.4,2,9,4.5,0,,,Ryan Tannehill
9,11/08/2020,Bears,W 24 - 17,10,21,158,7.5,2,0,3,22,104.9,3,3,1,0,,,Ryan Tannehill
8,11/01/2020,@Bengals,L 20 - 31,18,30,233,7.8,2,1,1,10,92.8,2,20,10,0,,,Ryan Tannehill
7,10/25/2020,Steelers,L 24 - 27,18,30,220,7.3,2,0,2,10,104.9,2,5,2.5,0,,,Ryan Tannehill
2,09/20/2020,Jaguars,W 33 - 30,18,24,239,10,4,0,1,8,145.7,4,12,3,0,,,Ryan Tannehill
6,10/18/2020,Texans,W 42 - 36,30,41,366,8.9,4,1,2,22,122.6,,,,,1,1,Ryan Tannehill
1,09/15/2020,@Broncos,W 16 - 14,29,43,249,5.8,2,0,1,2,97.9,3,14,4.7,0,,,Ryan Tannehill
5,10/13/2020,Bills,W 42 - 16,21,28,195,7,3,0,0,0,129.3,4,42,10.5,1,,,Ryan Tannehill
3,09/27/2020,@Vikings,W 31 - 30,23,37,321,8.7,0,1,1,11,78.8,4,9,2.3,0,2,0,Ryan Tannehill
17,01/03/2021,@Chiefs,W 38 - 21,22,31,302,9.7,3,0,3,21,134.1,6,9,1.5,1,,,Justin Herbert
16,12/27/2020,Broncos,W 19 - 16,21,33,253,7.7,1,0,2,26,97.2,4,26,6.5,0,1,0,Justin Herbert
15,12/18/2020,@Raiders,W 30 - 27,22,32,314,9.8,2,0,1,8,121.1,4,14,3.5,1,1,0,Justin Herbert
14,12/13/2020,Falcons,W 20 - 17,36,44,243,5.5,2,1,1,3,95.4,,,,,,,Justin Herbert
13,12/06/2020,Patriots,L 0 - 45,26,53,209,3.9,0,2,3,21,43.7,,,,,,,Justin Herbert
12,11/29/2020,@Bills,L 17 - 27,31,52,316,6.1,1,1,3,25,75.5,2,-2,-1,0,2,0,Justin Herbert
11,11/22/2020,Jets,W 34 - 28,37,49,366,7.5,3,0,3,19,116.5,2,11,5.5,0,,,Justin Herbert
10,11/15/2020,@Dolphins,L 21 - 29,20,32,187,5.8,2,1,2,13,86.3,4,10,2.5,1,,,Justin Herbert
9,11/08/2020,Raiders,L 26 - 31,28,42,326,7.8,2,0,2,14,105.9,5,24,4.8,0,1,0,Justin Herbert
8,11/01/2020,@Broncos,L 30 - 31,29,43,278,6.5,3,2,2,3,89.1,3,21,7,0,,,Justin Herbert
3,09/27/2020,Panthers,L 16 - 21,35,49,330,6.7,1,1,2,11,88,3,15,5,0,2,1,Justin Herbert
7,10/25/2020,Jaguars,W 39 - 29,27,43,347,8.1,3,0,1,2,111.3,9,66,7.3,1,,,Justin Herbert
2,09/20/2020,Chiefs,L 20 - 23,22,33,311,9.4,1,1,2,15,94.4,4,18,4.5,1,,,Justin Herbert
1,09/13/2020,@Bengals,W 16 - 13,,,,,,,,,,,,,,,,Justin Herbert
5,10/13/2020,@Saints,L 27 - 30,20,34,264,7.8,4,0,3,25,122.7,4,8,2,0,1,0,Justin Herbert
4,10/04/2020,@Buccaneers,L 31 - 38,20,25,290,11.6,3,1,2,12,137.9,5,14,2.8,0,,,Justin Herbert
17,01/03/2021,@Rams,L 7 - 18,8,11,87,7.9,0,0,2,16,95.6,2,3,1.5,0,,,Kyler Murray
16,12/26/2020,49ers,L 12 - 20,31,50,247,4.9,0,1,3,17,66,8,75,9.4,0,,,Kyler Murray
15,12/20/2020,Eagles,W 33 - 26,27,36,406,11.3,3,1,1,9,127.8,8,29,3.6,1,2,1,Kyler Murray
14,12/13/2020,@Giants,W 26 - 7,24,35,244,7,1,0,1,13,97.8,13,47,3.6,0,1,0,Kyler Murray
13,12/06/2020,Rams,L 28 - 38,21,39,173,4.4,3,1,2,33,80.4,5,15,3,0,2,1,Kyler Murray
12,11/29/2020,@Patriots,L 17 - 20,23,34,170,5,0,1,2,10,67,5,31,6.2,0,,,Kyler Murray
11,11/20/2020,@Seahawks,L 21 - 28,29,42,269,6.4,2,0,3,12,102.2,5,15,3,0,,,Kyler Murray
10,11/15/2020,Bills,W 32 - 30,22,32,245,7.7,1,1,3,9,88.7,11,61,5.5,2,,,Kyler Murray
9,11/08/2020,Dolphins,L 31 - 34,21,26,283,10.9,3,0,1,19,150.5,11,106,9.6,1,1,1,Kyler Murray
3,09/27/2020,Lions,L 23 - 26,23,35,270,7.7,2,3,1,2,72.3,5,29,5.8,1,,,Kyler Murray
7,10/26/2020,Seahawks,W 37 - 34,34,48,360,7.5,3,1,0,0,104.5,14,67,4.8,1,2,0,Kyler Murray
2,09/20/2020,Football Team,W 30 - 15,26,38,286,7.5,1,1,3,8,88.3,8,67,8.4,2,,,Kyler Murray
6,10/20/2020,@Cowboys,W 38 - 10,9,24,188,7.8,2,0,1,11,93.8,10,74,7.4,1,,,Kyler Murray
1,09/13/2020,@49ers,W 24 - 20,26,40,230,5.8,1,1,2,6,78.1,13,91,7,1,,,Kyler Murray
5,10/11/2020,@Jets,W 30 - 10,27,37,380,10.3,1,1,1,11,103.4,9,31,3.4,1,,,Kyler Murray
4,10/04/2020,@Panthers,L 21 - 31,24,31,133,4.3,3,0,1,0,116.7,6,78,13,0,1,1,Kyler Murray
17,01/03/2021,Steelers,W 24 - 22,17,27,196,7.3,1,0,4,30,97.1,6,44,7.3,0,,,Baker Mayfield
16,12/27/2020,@Jets,L 16 - 23,28,53,285,5.4,0,0,4,31,68.5,3,6,2,0,3,2,Baker Mayfield
15,12/21/2020,@Giants,W 20 - 6,27,32,297,9.3,2,0,1,11,126.2,4,11,2.8,0,,,Baker Mayfield
14,12/15/2020,Ravens,L 42 - 47,28,47,343,7.3,2,1,0,0,87.5,5,23,4.6,1,1,0,Baker Mayfield
13,12/06/2020,@Titans,W 41 - 35,25,33,334,10.1,4,0,0,0,147,4,5,1.3,0,1,1,Baker Mayfield
12,11/29/2020,@Jaguars,W 27 - 25,19,29,258,8.9,2,0,2,6,116.7,4,1,0.3,0,,,Baker Mayfield
11,11/22/2020,Eagles,W 22 - 17,12,22,204,9.3,0,0,3,17,86.2,6,9,1.5,0,2,1,Baker Mayfield
10,11/15/2020,Texans,W 10 - 7,12,20,132,6.6,0,0,1,7,79.6,3,1,0.3,0,,,Baker Mayfield
8,11/01/2020,Raiders,L 6 - 16,12,25,122,4.9,0,0,0,0,62.4,6,29,4.8,0,,,Baker Mayfield
7,10/25/2020,@Bengals,W 37 - 34,22,28,297,10.6,5,1,0,0,135.6,1,-1,-1,0,,,Baker Mayfield
6,10/18/2020,@Steelers,L 7 - 38,10,18,119,6.6,1,2,4,20,54.9,1,5,5,0,,,Baker Mayfield
5,10/11/2020,Colts,W 32 - 23,21,37,247,6.7,2,2,1,4,72.7,2,17,8.5,0,1,0,Baker Mayfield
4,10/04/2020,@Cowboys,W 49 - 38,19,30,165,5.5,2,0,2,1,100,3,6,2,0,,,Baker Mayfield
3,09/27/2020,Football Team,W 34 - 20,16,23,156,6.8,2,0,2,14,117.3,1,1,1,0,,,Baker Mayfield
2,09/18/2020,Bengals,W 35 - 30,16,23,219,9.5,2,1,0,0,110.6,3,5,1.7,0,,,Baker Mayfield
1,09/13/2020,@Ravens,L 6 - 38,21,39,189,4.8,1,1,2,21,65,2,3,1.5,0,,,Baker Mayfield
17,01/03/2021,@Broncos,W 32 - 31,24,38,371,9.8,2,2,3,12,91,2,1,0.5,0,,,Derek Carr
16,12/27/2020,Dolphins,L 25 - 26,21,34,336,9.9,1,0,3,22,104.5,2,-2,-1,1,,,Derek Carr
15,12/18/2020,Chargers,L 27 - 30,3,5,53,10.6,0,0,1,3,96.3,,,,,,,Derek Carr
14,12/13/2020,Colts,L 27 - 44,31,45,316,7,2,2,0,0,85,3,12,4,1,,,Derek Carr
13,12/06/2020,@Jets,W 31 - 28,28,47,381,8.1,3,1,2,13,97.9,2,5,2.5,1,,,Derek Carr
12,11/29/2020,@Falcons,L 6 - 43,22,34,215,6.3,0,1,3,21,70.1,,,,,3,3,Derek Carr
11,11/23/2020,Chiefs,L 31 - 35,23,31,275,8.9,3,1,0,0,119.7,3,6,2,0,,,Derek Carr
10,11/15/2020,Broncos,W 37 - 12,16,25,154,6.2,0,0,0,0,81.1,4,10,2.5,0,,,Derek Carr
9,11/08/2020,@Chargers,W 31 - 26,13,23,165,7.2,2,0,1,5,108.1,2,14,7,0,1,1,Derek Carr
8,11/01/2020,@Browns,W 16 - 6,15,24,111,4.6,1,0,2,11,87.3,6,41,6.8,0,1,0,Derek Carr
3,09/27/2020,@Patriots,L 20 - 36,24,32,261,8.2,2,0,2,12,119.4,2,10,5,0,2,2,Derek Carr
7,10/25/2020,Buccaneers,L 20 - 45,24,36,284,7.9,2,1,3,13,97.5,2,19,9.5,0,1,0,Derek Carr
2,09/22/2020,Saints,W 34 - 24,28,38,284,7.5,3,0,3,23,120.9,3,3,1,0,2,1,Derek Carr
5,10/11/2020,@Chiefs,W 40 - 32,22,31,347,11.2,3,1,1,1,126.7,4,1,0.3,0,,,Derek Carr
4,10/04/2020,Bills,L 23 - 30,32,44,311,7.1,2,0,2,14,107.3,4,20,5,0,1,1,Derek Carr
1,09/13/2020,@Panthers,W 34 - 30,22,30,239,8,1,0,0,0,107.5,,,,,,,Derek Carr
17,01/03/2021,Vikings,L 35 - 37,20,31,293,9.5,3,1,1,5,114,2,9,4.5,0,,,Matthew Stafford
16,12/26/2020,Buccaneers,L 7 - 47,2,3,17,5.7,0,0,0,0,81.3,,,,,,,Matthew Stafford
15,12/20/2020,@Titans,L 25 - 46,22,32,252,7.9,1,0,0,0,102.6,2,12,6,0,,,Matthew Stafford
14,12/13/2020,Packers,L 24 - 31,24,34,244,7.2,1,0,4,31,100.6,1,6,6,0,,,Matthew Stafford
13,12/06/2020,@Bears,W 34 - 30,27,42,402,9.6,3,1,2,2,109.4,2,0,0,0,,,Matthew Stafford
12,11/26/2020,Texans,L 25 - 41,28,42,295,7,1,1,4,16,84.9,1,3,3,0,1,0,Matthew Stafford
11,11/22/2020,@Panthers,L 0 - 20,18,33,178,5.4,0,0,5,33,70,4,5,1.3,0,,,Matthew Stafford
10,11/15/2020,Football Team,W 30 - 27,24,33,276,8.4,3,0,1,9,127.8,,,,,,,Matthew Stafford
9,11/08/2020,@Vikings,L 20 - 34,23,32,211,6.6,1,2,2,13,73.8,,,,,,,Matthew Stafford
8,11/01/2020,Colts,L 21 - 41,24,42,336,8,3,1,5,39,96.9,1,10,10,0,1,1,Matthew Stafford
3,09/27/2020,@Cardinals,W 26 - 23,22,31,270,8.7,2,0,4,38,119,1,-3,-3,0,,,Matthew Stafford
7,10/25/2020,@Falcons,W 23 - 22,25,36,340,9.4,1,0,2,18,108.6,1,8,8,0,,,Matthew Stafford
2,09/20/2020,@Packers,L 21 - 42,20,33,244,7.4,2,1,4,26,91,1,4,4,0,,,Matthew Stafford
6,10/18/2020,@Jaguars,W 34 - 16,19,31,223,7.2,1,1,0,0,80.4,5,14,2.8,0,,,Matthew Stafford
4,10/04/2020,Saints,L 29 - 35,17,31,206,6.6,3,1,3,15,94.3,3,21,7,0,,,Matthew Stafford
1,09/13/2020,Bears,L 23 - 27,24,42,297,7.1,1,1,1,9,77.2,5,23,4.6,0,,,Matthew Stafford
17,01/03/2021,@Buccaneers,L 27 - 44,29,44,265,6,2,0,1,7,97.3,3,1,0.3,1,2,1,Matt Ryan
16,12/27/2020,@Chiefs,L 14 - 17,27,35,300,8.6,2,0,4,23,121.1,1,-1,-1,0,1,0,Matt Ryan
15,12/20/2020,Buccaneers,L 27 - 31,34,49,356,7.3,3,0,3,24,110.6,1,16,16,0,,,Matt Ryan
14,12/13/2020,@Chargers,L 17 - 20,21,32,224,7,1,3,2,14,57.3,1,3,3,0,,,Matt Ryan
13,12/06/2020,Saints,L 16 - 21,19,39,273,7,1,0,3,11,80.4,,,,,1,1,Matt Ryan
12,11/29/2020,Raiders,W 43 - 6,22,39,185,4.7,2,1,1,6,75.3,1,5,5,0,,,Matt Ryan
11,11/22/2020,@Saints,L 9 - 24,19,37,232,6.3,0,2,8,36,48.5,,,,,,,Matt Ryan
9,11/08/2020,Broncos,W 34 - 27,25,35,284,8.1,3,1,2,13,112.1,3,10,3.3,0,,,Matt Ryan
8,10/30/2020,@Panthers,W 25 - 17,21,30,281,9.4,0,1,2,11,85.6,6,27,4.5,1,,,Matt Ryan
7,10/25/2020,Lions,L 22 - 23,31,42,338,8,1,0,2,16,105.1,,,,,1,1,Matt Ryan
2,09/20/2020,@Cowboys,L 39 - 40,24,36,273,7.6,4,0,1,6,126.3,4,16,4,0,,,Matt Ryan
6,10/18/2020,@Vikings,W 40 - 23,30,40,371,9.3,4,0,2,8,136.6,4,8,2,0,,,Matt Ryan
1,09/13/2020,Seahawks,L 25 - 38,37,54,450,8.3,2,1,2,16,98.5,1,-1,-1,0,,,Matt Ryan
5,10/11/2020,Panthers,L 16 - 23,21,37,226,6.1,0,1,2,19,63.6,1,-1,-1,0,1,0,Matt Ryan
4,10/06/2020,@Packers,L 16 - 30,28,39,285,7.3,0,0,4,36,92.4,2,10,5,0,,,Matt Ryan
3,09/27/2020,Bears,L 26 - 30,19,38,238,6.3,1,1,2,11,67.7,1,-1,-1,0,,,Matt Ryan
17,01/03/2021,@Lions,W 37 - 35,28,40,405,10.1,3,0,3,22,127.6,5,1,0.2,1,,,Kirk Cousins
16,12/25/2020,@Saints,L 33 - 52,27,41,291,7.1,3,0,2,17,110.9,,,,,1,0,Kirk Cousins
15,12/20/2020,Bears,L 27 - 33,24,35,271,7.7,2,1,3,22,98.6,3,25,8.3,0,1,0,Kirk Cousins
14,12/13/2020,@Buccaneers,L 14 - 26,24,37,225,6.1,1,0,6,52,90.5,5,41,8.2,0,2,1,Kirk Cousins
13,12/06/2020,Jaguars,W 27 - 24,28,43,305,7.1,3,1,4,30,99.5,3,12,4,0,1,1,Kirk Cousins
12,11/29/2020,Panthers,W 28 - 27,34,45,307,6.8,3,0,2,16,115.7,3,19,6.3,0,1,1,Kirk Cousins
11,11/22/2020,Cowboys,L 28 - 31,22,30,314,10.5,3,0,2,9,140.1,1,4,4,0,1,1,Kirk Cousins
10,11/17/2020,@Bears,W 19 - 13,25,36,292,8.1,2,1,1,6,100.7,1,-1,-1,0,,,Kirk Cousins
9,11/08/2020,Lions,W 34 - 20,13,20,220,11,3,0,1,8,141.7,,,,,,,Kirk Cousins
8,11/01/2020,@Packers,W 28 - 22,11,14,160,11.4,1,0,1,9,138.1,,,,,,,Kirk Cousins
6,10/18/2020,Falcons,L 23 - 40,24,36,343,9.5,3,3,1,10,90.4,,,,,,,Kirk Cousins
5,10/12/2020,@Seahawks,L 26 - 27,27,39,249,6.4,2,1,3,1,92.8,1,2,2,0,2,1,Kirk Cousins
4,10/04/2020,@Texans,W 31 - 23,16,22,260,11.8,1,0,3,12,127.1,4,5,1.3,0,,,Kirk Cousins
3,09/27/2020,Titans,L 30 - 31,16,27,251,9.3,3,2,2,13,96.4,2,14,7,0,,,Kirk Cousins
2,09/20/2020,@Colts,L 11 - 28,11,26,113,4.3,0,3,3,18,15.9,,,,,,,Kirk Cousins
1,09/13/2020,Packers,L 34 - 43,19,25,259,10.4,2,1,2,11,118.6,4,34,8.5,0,,,Kirk Cousins
3,09/27/2020,@Seahawks,L 31 - 38,37,57,472,8.3,3,2,2,11,93.6,6,26,4.3,0,1,1,Dak Prescott
2,09/20/2020,Falcons,W 40 - 39,34,47,450,9.6,1,0,1,5,109.4,5,18,3.6,3,1,1,Dak Prescott
1,09/14/2020,@Rams,L 17 - 20,25,39,266,6.8,1,0,3,22,92.5,3,30,10,0,,,Dak Prescott
5,10/11/2020,Giants,W 37 - 34,14,21,166,7.9,0,1,1,7,70.7,2,7,3.5,0,,,Dak Prescott
4,10/04/2020,Browns,L 38 - 49,41,58,502,8.7,4,1,3,21,112.9,2,12,6,0,1,1,Dak Prescott
17,01/03/2021,Jaguars,W 28 - 14,17,27,164,6.1,1,1,0,0,76.8,2,-2,-1,0,,,Philip Rivers
16,12/27/2020,@Steelers,L 24 - 28,21,34,270,7.9,1,1,5,32,84.2,,,,,1,1,Philip Rivers
15,12/20/2020,Texans,W 27 - 20,22,28,228,8.1,2,0,1,5,124.4,1,-1,-1,0,,,Philip Rivers
14,12/13/2020,@Raiders,W 44 - 27,19,28,244,8.7,2,0,0,0,118.8,,,,,,,Philip Rivers
13,12/06/2020,@Texans,W 26 - 20,27,35,285,8.1,2,0,3,23,119.3,2,-2,-1,0,,,Philip Rivers
12,11/29/2020,Titans,L 26 - 45,24,42,295,7,2,1,1,6,84.9,,,,,,,Philip Rivers
11,11/22/2020,Packers,W 34 - 31,24,36,288,8,3,1,1,8,107.2,1,-1,-1,0,,,Philip Rivers
10,11/13/2020,@Titans,W 34 - 17,29,39,308,7.9,1,0,1,11,105.5,,,,,,,Philip Rivers
9,11/08/2020,Ravens,L 10 - 24,25,43,227,5.3,0,1,0,0,62.8,,,,,,,Philip Rivers
8,11/01/2020,@Lions,W 41 - 21,23,33,262,7.9,3,0,2,15,123.5,2,-2,-1,0,,,Philip Rivers
3,09/27/2020,Jets,W 36 - 7,17,21,217,10.3,1,0,0,0,125.6,,,,,,,Philip Rivers
6,10/18/2020,Bengals,W 31 - 27,29,44,371,8.4,3,1,1,0,105.4,1,-1,-1,0,,,Philip Rivers
5,10/11/2020,@Browns,L 23 - 32,21,33,243,7.4,0,2,1,3,60.5,1,-1,-1,0,,,Philip Rivers
4,10/04/2020,@Bears,W 19 - 11,16,29,190,6.6,1,0,1,4,86.9,3,-4,-1.3,0,,,Philip Rivers
2,09/20/2020,Vikings,W 28 - 11,19,25,214,8.6,1,1,2,11,97.8,4,3,0.8,0,1,0,Philip Rivers
1,09/13/2020,@Jaguars,L 20 - 27,36,46,363,7.9,1,2,0,0,88.7,1,3,3,0,,,Philip Rivers
11,11/22/2020,@Football Team,L 9 - 20,22,34,203,6,1,0,0,0,90.7,2,12,6,0,1,1,Joe Burrow
10,11/15/2020,@Steelers,L 10 - 36,21,40,213,5.3,1,0,4,28,76.4,,,,,,,Joe Burrow
8,11/01/2020,Titans,W 31 - 20,26,37,249,6.7,2,0,0,0,106.7,3,9,3,0,,,Joe Burrow
7,10/25/2020,Browns,L 34 - 37,35,47,406,8.6,3,1,4,35,112.5,6,34,5.7,1,3,1,Joe Burrow
2,09/18/2020,@Browns,L 30 - 35,37,61,316,5.2,3,0,3,31,90.6,7,19,2.7,0,2,1,Joe Burrow
6,10/18/2020,@Colts,L 27 - 31,25,39,313,8,0,1,2,13,78.3,3,2,0.7,1,,,Joe Burrow
1,09/13/2020,Chargers,L 13 - 16,23,36,193,5.4,0,1,3,20,66.1,8,46,5.8,1,1,0,Joe Burrow
5,10/11/2020,@Ravens,L 3 - 27,19,30,183,6.1,0,1,7,48,66.4,3,10,3.3,0,2,1,Joe Burrow
4,10/04/2020,Jaguars,W 33 - 25,25,36,300,8.3,1,1,1,0,92.4,4,11,2.8,0,,,Joe Burrow
3,09/27/2020,@Eagles,T 23 - 23,31,44,312,7.1,2,0,8,56,105.5,1,-1,-1,0,,,Joe Burrow
17,01/03/2021,@Panthers,W 33 - 7,22,32,201,6.3,3,0,2,10,116.8,,,,,1,0,Drew Brees
16,12/25/2020,Vikings,W 52 - 33,19,26,311,12,0,2,0,0,80.8,3,-3,-1,0,,,Drew Brees
15,12/20/2020,Chiefs,L 29 - 32,15,34,234,6.9,3,1,1,9,84.7,,,,,,,Drew Brees
10,11/15/2020,49ers,W 27 - 13,8,13,76,5.8,1,0,0,0,103.4,1,-1,-1,0,1,0,Drew Brees
9,11/09/2020,@Buccaneers,W 38 - 3,26,32,222,6.9,4,0,1,0,135.2,2,-2,-1,0,1,1,Drew Brees
8,11/01/2020,@Bears,W 26 - 23,31,41,280,6.8,2,0,1,8,109.8,3,4,1.3,0,1,0,Drew Brees
7,10/25/2020,Panthers,W 27 - 24,29,36,287,8,2,0,1,10,118.4,3,2,0.7,1,1,1,Drew Brees
2,09/22/2020,@Raiders,L 24 - 34,26,38,312,8.2,1,1,0,0,91.1,,,,,,,Drew Brees
1,09/13/2020,Buccaneers,W 34 - 23,18,30,160,5.3,2,0,1,9,96.5,2,0,0,0,,,Drew Brees
5,10/13/2020,Chargers,W 30 - 27,33,47,325,6.9,1,1,2,12,87.6,1,1,1,1,,,Drew Brees
4,10/04/2020,@Lions,W 35 - 29,19,25,246,9.8,2,1,2,18,116.4,3,-3,-1,0,,,Drew Brees
3,09/28/2020,Packers,L 30 - 37,29,36,288,8,3,0,2,13,127.8,,,,,1,0,Drew Brees
17,01/03/2021,@Browns,L 22 - 24,,,,,,,,,,,,,,,,Ben Roethlisberger
16,12/27/2020,Colts,W 28 - 24,34,49,341,7,3,0,1,9,109.3,2,-1,-0.5,0,,,Ben Roethlisberger
15,12/22/2020,@Bengals,L 17 - 27,20,38,170,4.5,1,1,1,12,62.4,2,-1,-0.5,0,2,1,Ben Roethlisberger
14,12/14/2020,@Bills,L 15 - 26,21,37,187,5.1,2,2,1,10,65.9,,,,,,,Ben Roethlisberger
13,12/07/2020,Football Team,L 17 - 23,33,53,305,5.8,2,1,0,0,82.7,1,0,0,0,,,Ben Roethlisberger
12,12/02/2020,Ravens,W 19 - 14,36,51,266,5.2,1,1,0,0,81,1,-1,-1,0,,,Ben Roethlisberger
11,11/22/2020,@Jaguars,W 27 - 3,32,46,267,5.8,2,1,0,0,89.7,,,,,,,Ben Roethlisberger
10,11/15/2020,Bengals,W 36 - 10,27,46,333,7.2,4,0,0,0,110.1,1,0,0,0,,,Ben Roethlisberger
9,11/08/2020,@Cowboys,W 24 - 19,29,42,306,7.3,3,0,0,0,113.8,1,8,8,0,,,Ben Roethlisberger
8,11/01/2020,@Ravens,W 28 - 24,21,32,182,5.7,2,0,2,9,101.3,,,,,1,0,Ben Roethlisberger
7,10/25/2020,@Titans,W 27 - 24,32,49,268,5.5,2,3,0,0,67.4,1,-1,-1,0,,,Ben Roethlisberger
2,09/20/2020,Broncos,W 26 - 21,29,41,311,7.6,2,1,1,10,98.7,3,-2,-0.7,0,1,0,Ben Roethlisberger
6,10/18/2020,Browns,W 38 - 7,14,22,162,7.4,1,0,2,20,100.9,3,5,1.7,0,,,Ben Roethlisberger
1,09/14/2020,@Giants,W 26 - 16,21,32,229,7.2,3,0,2,21,117.8,3,9,3,0,1,0,Ben Roethlisberger
5,10/11/2020,Eagles,W 38 - 29,27,34,239,7,3,0,1,8,125.4,2,-2,-1,0,,,Ben Roethlisberger
3,09/27/2020,Texans,W 28 - 21,23,36,237,6.6,2,0,2,19,101.3,5,-3,-0.6,0,,,Ben Roethlisberger
16,12/27/2020,@Raiders,W 26 - 25,9,13,182,14,1,0,0,0,137.5,,,,,,,Ryan Fitzpatrick
15,12/20/2020,Patriots,W 22 - 12,,,,,,,,,,,,,,,,Ryan Fitzpatrick
14,12/13/2020,Chiefs,L 27 - 33,,,,,,,,,,,,,,,,Ryan Fitzpatrick
13,12/06/2020,Bengals,W 19 - 7,,,,,,,,,,,,,,,,Ryan Fitzpatrick
12,11/29/2020,@Jets,W 20 - 3,24,39,257,6.6,2,0,4,16,97.9,3,10,3.3,0,1,0,Ryan Fitzpatrick
11,11/22/2020,@Broncos,L 13 - 20,12,18,117,6.5,0,1,0,0,61.6,2,6,3,0,,,Ryan Fitzpatrick
10,11/15/2020,Chargers,W 29 - 21,,,,,,,,,,,,,,,,Ryan Fitzpatrick
9,11/08/2020,@Cardinals,W 34 - 31,,,,,,,,,,,,,,,,Ryan Fitzpatrick
8,11/01/2020,Rams,W 28 - 17,,,,,,,,,,,,,,,,Ryan Fitzpatrick
3,09/25/2020,@Jaguars,W 31 - 13,18,20,160,8,2,0,1,4,133.3,7,38,5.4,1,,,Ryan Fitzpatrick
2,09/20/2020,Bills,L 28 - 31,31,47,328,7,2,0,3,17,100.3,3,12,4,0,,,Ryan Fitzpatrick
6,10/18/2020,Jets,W 24 - 0,18,27,191,7.1,3,2,2,8,93.3,1,4,4,0,,,Ryan Fitzpatrick
1,09/13/2020,@Patriots,L 11 - 21,20,30,191,6.4,0,3,1,9,44.6,5,18,3.6,0,1,0,Ryan Fitzpatrick
5,10/11/2020,@49ers,W 43 - 17,22,28,350,12.5,3,0,2,8,154.5,3,16,5.3,0,,,Ryan Fitzpatrick
4,10/04/2020,Seahawks,L 23 - 31,29,45,315,7,0,2,1,3,66.4,6,47,7.8,1,,,Ryan Fitzpatrick
17,01/03/2021,Cardinals,W 18 - 7,,,,,,,,,,,,,,,,Jared Goff
16,12/27/2020,@Seahawks,L 9 - 20,24,43,234,5.4,0,1,3,18,61.6,7,23,3.3,0,,,Jared Goff
15,12/20/2020,Jets,L 20 - 23,22,34,209,6.1,2,1,3,20,89,1,9,9,0,,,Jared Goff
14,12/11/2020,Patriots,W 24 - 3,16,25,137,5.5,1,1,1,5,74.9,4,11,2.8,1,,,Jared Goff
13,12/06/2020,@Cardinals,W 38 - 28,37,47,351,7.5,1,0,1,7,104.9,4,1,0.3,1,,,Jared Goff
12,11/29/2020,49ers,L 20 - 23,19,31,198,6.4,0,2,2,16,52.9,5,11,2.2,0,1,1,Jared Goff
11,11/24/2020,@Buccaneers,W 27 - 24,39,51,376,7.4,3,2,0,0,99.8,1,0,0,0,1,0,Jared Goff
10,11/15/2020,Seahawks,W 23 - 16,27,37,302,8.2,0,0,3,19,96.9,5,4,0.8,0,1,1,Jared Goff
8,11/01/2020,@Dolphins,L 17 - 28,35,61,355,5.8,1,2,2,15,65.9,,,,,2,2,Jared Goff
3,09/27/2020,@Bills,L 32 - 35,23,32,321,10,2,1,2,10,111.6,2,4,2,1,,,Jared Goff
7,10/27/2020,Bears,W 24 - 10,23,33,220,6.7,2,0,1,9,108.1,4,1,0.3,0,1,0,Jared Goff
6,10/19/2020,@49ers,L 16 - 24,19,38,198,5.2,2,1,0,0,72,1,10,10,0,,,Jared Goff
1,09/14/2020,Cowboys,W 20 - 17,20,31,275,8.9,0,1,1,6,79.4,4,15,3.8,0,,,Jared Goff
5,10/11/2020,@Football Team,W 30 - 10,21,30,309,10.3,2,1,1,9,111.7,3,0,0,1,1,0,Jared Goff
4,10/04/2020,Giants,W 17 - 9,25,32,200,6.3,1,0,2,18,103.1,3,-3,-1,0,,,Jared Goff
2,09/20/2020,@Eagles,W 37 - 19,20,27,267,9.9,3,0,1,9,142.1,7,13,1.9,0,,,Jared Goff
17,01/04/2021,Football Team,L 14 - 20,7,20,72,3.6,0,1,1,5,25.4,8,34,4.3,2,,,Jalen Hurts
16,12/27/2020,@Cowboys,L 17 - 37,21,39,342,8.8,1,2,3,16,70.7,9,69,7.7,0,2,1,Jalen Hurts
15,12/20/2020,@Cardinals,L 26 - 33,24,44,338,7.7,3,0,6,33,102.3,11,63,5.7,1,3,0,Jalen Hurts
14,12/13/2020,Saints,W 24 - 21,17,30,167,5.6,1,0,0,0,83.6,18,106,5.9,0,1,1,Jalen Hurts
13,12/06/2020,@Packers,L 16 - 30,5,12,109,9.1,1,1,3,5,67.7,5,29,5.8,0,,,Jalen Hurts
12,12/01/2020,Seahawks,L 17 - 23,1,1,6,6,0,0,0,0,91.7,,,,,,,Jalen Hurts
11,11/22/2020,@Browns,L 17 - 22,,,,,,,,,,1,6,6,0,,,Jalen Hurts
10,11/15/2020,@Giants,L 17 - 27,,,,,,,,,,2,-1,-0.5,0,1,0,Jalen Hurts
8,11/02/2020,Cowboys,W 23 - 9,1,1,9,9,0,0,0,0,104.2,,,,,,,Jalen Hurts
7,10/23/2020,Giants,W 22 - 21,,,,,,,,,,2,2,1,0,,,Jalen Hurts
6,10/18/2020,Ravens,L 28 - 30,,,,,,,,,,2,23,11.5,0,,,Jalen Hurts
1,09/13/2020,@Football Team,L 17 - 27,,,,,,,,,,,,,,,,Jalen Hurts
5,10/11/2020,@Steelers,L 29 - 38,1,1,18,18,0,0,0,0,118.8,,,,,,,Jalen Hurts
4,10/05/2020,@49ers,W 25 - 20,,,,,,,,,,3,18,6,0,1,0,Jalen Hurts
3,09/27/2020,Bengals,T 23 - 23,,,,,,,,,,2,5,2.5,0,1,0,Jalen Hurts
2,09/20/2020,Rams,L 19 - 37,,,,,,,,,,,,,,,,Jalen Hurts
17,01/03/2021,Cowboys,W 23 - 19,17,25,229,9.2,2,1,2,18,106.9,9,17,1.9,0,1,1,Daniel Jones
16,12/27/2020,@Ravens,L 13 - 27,24,41,252,6.1,1,0,6,37,84.6,1,3,3,0,,,Daniel Jones
15,12/21/2020,Browns,L 6 - 20,,,,,,,,,,,,,,,,Daniel Jones
14,12/13/2020,Cardinals,L 7 - 26,11,21,127,6,0,0,6,52,70.9,,,,,3,1,Daniel Jones
13,12/06/2020,@Seahawks,W 17 - 12,,,,,,,,,,,,,,,,Daniel Jones
12,11/29/2020,@Bengals,W 19 - 17,16,27,213,7.9,0,0,0,0,84.3,6,19,3.2,0,,,Daniel Jones
10,11/15/2020,Eagles,W 27 - 17,21,28,244,8.7,0,0,3,13,100.9,9,64,7.1,1,,,Daniel Jones
9,11/08/2020,@Football Team,W 23 - 20,23,34,212,6.2,1,0,5,28,94.2,6,4,0.7,0,2,0,Daniel Jones
8,11/03/2020,Buccaneers,L 23 - 25,25,41,256,6.2,2,2,3,18,74.8,3,20,6.7,0,,,Daniel Jones
3,09/27/2020,49ers,L 9 - 36,17,32,179,5.6,0,1,2,14,56.6,5,49,9.8,0,1,1,Daniel Jones
7,10/23/2020,@Eagles,L 21 - 22,20,30,187,6.2,2,1,3,22,91.9,4,92,23,0,1,1,Daniel Jones
2,09/20/2020,@Bears,L 13 - 17,25,40,241,6,0,1,4,21,68.9,3,21,7,0,1,1,Daniel Jones
6,10/18/2020,Football Team,W 20 - 19,12,19,112,5.9,1,1,1,4,74.9,7,74,10.6,0,,,Daniel Jones
1,09/14/2020,Steelers,L 16 - 26,26,41,279,6.8,2,2,3,17,79.2,4,22,5.5,0,,,Daniel Jones
5,10/11/2020,@Cowboys,L 34 - 37,20,33,222,6.7,0,0,2,11,80.6,2,-7,-3.5,0,1,1,Daniel Jones
4,10/04/2020,@Rams,L 9 - 17,23,36,190,5.3,0,1,5,31,65.7,6,45,7.5,0,1,0,Daniel Jones
17,01/03/2021,@Giants,L 19 - 23,29,47,244,5.2,0,1,6,45,66.3,7,48,6.9,0,,,Andy Dalton
16,12/27/2020,Eagles,W 37 - 17,22,30,377,12.6,3,1,2,15,134.7,5,15,3,0,,,Andy Dalton
15,12/20/2020,49ers,W 41 - 33,19,33,209,6.3,2,0,2,17,96.7,2,8,4,0,,,Andy Dalton
14,12/13/2020,@Bengals,W 30 - 7,16,23,185,8,2,0,2,14,122.6,1,-1,-1,0,,,Andy Dalton
13,12/09/2020,@Ravens,L 17 - 34,31,48,285,5.9,2,1,1,8,85.9,1,2,2,0,,,Andy Dalton
12,11/26/2020,Football Team,L 16 - 41,25,35,215,6.1,1,1,3,24,84.8,3,17,5.7,0,,,Andy Dalton
11,11/22/2020,@Vikings,W 31 - 28,22,32,203,6.3,3,1,1,7,104,3,5,1.7,0,,,Andy Dalton
8,11/02/2020,@Eagles,L 9 - 23,,,,,,,,,,,,,,,,Andy Dalton
3,09/27/2020,@Seahawks,L 31 - 38,,,,,,,,,,,,,,,,Andy Dalton
7,10/25/2020,@Football Team,L 3 - 25,9,19,75,3.9,0,1,3,30,36.1,3,16,5.3,0,1,0,Andy Dalton
2,09/20/2020,Falcons,W 40 - 39,0,1,0,0,0,0,0,0,39.6,,,,,,,Andy Dalton
6,10/20/2020,Cardinals,L 10 - 38,34,54,266,4.9,1,2,3,19,65.8,2,4,2,0,,,Andy Dalton
1,09/14/2020,@Rams,L 17 - 20,,,,,,,,,,,,,,,,Andy Dalton
5,10/11/2020,Giants,W 37 - 34,9,11,111,10.1,0,0,1,5,108.7,1,0,0,0,1,1,Andy Dalton
4,10/04/2020,Browns,L 38 - 49,,,,,,,,,,,,,,,,Andy Dalton
17,01/03/2021,@Panthers,W 33 - 7,22,32,201,6.3,3,0,2,10,116.8,,,,,1,0,Drew Brees
16,12/25/2020,Vikings,W 52 - 33,19,26,311,12,0,2,0,0,80.8,3,-3,-1,0,,,Drew Brees
15,12/20/2020,Chiefs,L 29 - 32,15,34,234,6.9,3,1,1,9,84.7,,,,,,,Drew Brees
10,11/15/2020,49ers,W 27 - 13,8,13,76,5.8,1,0,0,0,103.4,1,-1,-1,0,1,0,Drew Brees
9,11/09/2020,@Buccaneers,W 38 - 3,26,32,222,6.9,4,0,1,0,135.2,2,-2,-1,0,1,1,Drew Brees
8,11/01/2020,@Bears,W 26 - 23,31,41,280,6.8,2,0,1,8,109.8,3,4,1.3,0,1,0,Drew Brees
7,10/25/2020,Panthers,W 27 - 24,29,36,287,8,2,0,1,10,118.4,3,2,0.7,1,1,1,Drew Brees
2,09/22/2020,@Raiders,L 24 - 34,26,38,312,8.2,1,1,0,0,91.1,,,,,,,Drew Brees
1,09/13/2020,Buccaneers,W 34 - 23,18,30,160,5.3,2,0,1,9,96.5,2,0,0,0,,,Drew Brees
5,10/13/2020,Chargers,W 30 - 27,33,47,325,6.9,1,1,2,12,87.6,1,1,1,1,,,Drew Brees
4,10/04/2020,@Lions,W 35 - 29,19,25,246,9.8,2,1,2,18,116.4,3,-3,-1,0,,,Drew Brees
3,09/28/2020,Packers,L 30 - 37,29,36,288,8,3,0,2,13,127.8,,,,,1,0,Drew Brees
17,01/04/2021,@Eagles,W 20 - 14,22,32,162,5.1,2,2,3,17,75.3,1,0,0,0,1,0,Alex Smith
16,12/27/2020,Panthers,L 13 - 20,,,,,,,,,,,,,,,,Alex Smith
15,12/20/2020,Seahawks,L 15 - 20,,,,,,,,,,,,,,,,Alex Smith
14,12/13/2020,@49ers,W 23 - 15,8,19,57,3,0,1,1,5,27.7,,,,,,,Alex Smith
13,12/07/2020,@Steelers,W 23 - 17,31,46,296,6.4,1,0,3,23,92.3,,,,,,,Alex Smith
12,11/26/2020,@Cowboys,W 41 - 16,19,26,149,5.7,1,1,3,21,83.7,3,1,0.3,0,,,Alex Smith
11,11/22/2020,Bengals,W 20 - 9,17,25,166,6.6,1,1,2,5,83.1,3,-3,-1,0,,,Alex Smith
10,11/15/2020,@Lions,L 27 - 30,38,55,390,7.1,0,0,2,15,89.2,2,4,2,0,,,Alex Smith
9,11/08/2020,Giants,L 20 - 23,24,32,325,10.2,1,3,2,22,78.3,,,,,,,Alex Smith
3,09/27/2020,@Browns,L 20 - 34,,,,,,,,,,,,,,,,Alex Smith
7,10/25/2020,Cowboys,W 25 - 3,,,,,,,,,,,,,,,,Alex Smith
2,09/20/2020,@Cardinals,L 15 - 30,,,,,,,,,,,,,,,,Alex Smith
6,10/18/2020,@Giants,L 19 - 20,,,,,,,,,,,,,,,,Alex Smith
1,09/13/2020,Eagles,W 27 - 17,,,,,,,,,,,,,,,,Alex Smith
5,10/11/2020,Rams,L 10 - 30,9,17,37,2.2,0,0,6,31,58.7,1,1,1,0,1,0,Alex Smith
4,10/04/2020,Ravens,L 17 - 31,,,,,,,,,,,,,,,,Alex Smith
17,01/03/2021,@Bills,L 26 - 56,35,58,361,6.2,1,3,1,9,62.5,6,28,4.7,0,,,Tua Tagovailoa
16,12/27/2020,@Raiders,W 26 - 25,17,22,94,4.3,1,0,3,23,99.4,3,11,3.7,0,,,Tua Tagovailoa
15,12/20/2020,Patriots,W 22 - 12,20,26,145,5.6,0,1,2,12,73.4,3,9,3,2,,,Tua Tagovailoa
14,12/13/2020,Chiefs,L 27 - 33,28,48,316,6.6,2,1,4,29,83.3,6,24,4,1,,,Tua Tagovailoa
13,12/06/2020,Bengals,W 19 - 7,26,39,296,7.6,1,0,0,0,97.8,3,3,1,0,,,Tua Tagovailoa
12,11/29/2020,@Jets,W 20 - 3,,,,,,,,,,,,,,,,Tua Tagovailoa
11,11/22/2020,@Broncos,L 13 - 20,11,20,83,4.2,1,0,6,33,81.9,,,,,,,Tua Tagovailoa
10,11/15/2020,Chargers,W 29 - 21,15,25,169,6.8,2,0,0,0,106.9,6,-1,-0.2,0,,,Tua Tagovailoa
9,11/08/2020,@Cardinals,W 34 - 31,20,28,248,8.9,2,0,3,27,122.3,7,35,5,0,,,Tua Tagovailoa
8,11/01/2020,Rams,W 28 - 17,12,22,93,4.2,1,0,1,3,80.3,2,0,0,0,1,1,Tua Tagovailoa
3,09/25/2020,@Jaguars,W 31 - 13,,,,,,,,,,,,,,,,Tua Tagovailoa
2,09/20/2020,Bills,L 28 - 31,,,,,,,,,,,,,,,,Tua Tagovailoa
6,10/18/2020,Jets,W 24 - 0,2,2,9,4.5,0,0,0,0,85.4,,,,,,,Tua Tagovailoa
1,09/13/2020,@Patriots,L 11 - 21,,,,,,,,,,,,,,,,Tua Tagovailoa
5,10/11/2020,@49ers,W 43 - 17,,,,,,,,,,,,,,,,Tua Tagovailoa
4,10/04/2020,Seahawks,L 23 - 31,,,,,,,,,,,,,,,,Tua Tagovailoa
17,01/03/2021,Saints,L 7 - 33,13,23,176,7.7,0,2,1,10,44.8,3,7,2.3,0,2,0,Teddy Bridgewater
16,12/27/2020,@Football Team,W 20 - 13,19,28,197,7,1,1,4,30,85,6,7,1.2,0,2,1,Teddy Bridgewater
15,12/20/2020,@Packers,L 16 - 24,21,35,258,7.4,0,0,3,9,82.8,4,26,6.5,1,1,1,Teddy Bridgewater
14,12/13/2020,Broncos,L 27 - 32,30,40,283,7.1,0,0,4,38,94.1,3,31,10.3,1,,,Teddy Bridgewater
12,11/29/2020,@Vikings,L 27 - 28,19,36,267,7.4,1,1,0,0,74.7,2,12,6,0,,,Teddy Bridgewater
11,11/22/2020,Lions,W 20 - 0,,,,,,,,,,,,,,,,Teddy Bridgewater
10,11/15/2020,Buccaneers,L 23 - 46,18,24,136,5.7,2,1,1,5,98.6,3,16,5.3,1,,,Teddy Bridgewater
9,11/08/2020,@Chiefs,L 31 - 33,36,49,310,6.3,2,0,2,7,103.3,2,19,9.5,1,,,Teddy Bridgewater
8,10/30/2020,Falcons,L 17 - 25,15,23,176,7.7,1,1,3,22,84.7,5,30,6,0,,,Teddy Bridgewater
3,09/27/2020,@Chargers,W 21 - 16,22,28,235,8.4,1,0,2,14,113.5,2,12,6,0,,,Teddy Bridgewater
7,10/25/2020,@Saints,L 24 - 27,23,28,254,9.1,2,0,1,8,128.3,2,10,5,0,,,Teddy Bridgewater
2,09/20/2020,@Buccaneers,L 17 - 31,33,42,367,8.7,0,2,5,27,83.2,,,,,1,1,Teddy Bridgewater
6,10/18/2020,Bears,L 16 - 23,16,29,216,7.4,0,2,4,25,50.4,8,48,6,0,,,Teddy Bridgewater
5,10/11/2020,@Falcons,W 23 - 16,27,36,313,8.7,2,0,0,0,119.3,3,3,1,0,,,Teddy Bridgewater
4,10/04/2020,Cardinals,W 31 - 21,26,37,276,7.5,2,1,0,0,98.5,6,32,5.3,1,,,Teddy Bridgewater
1,09/13/2020,Raiders,L 30 - 34,22,34,269,7.9,1,0,1,10,98.8,4,26,6.5,0,,,Teddy Bridgewater
8,11/01/2020,@Seahawks,L 27 - 37,11,16,84,5.3,0,1,3,23,55.2,4,4,1,0,1,0,Jimmy Garoppolo
3,09/27/2020,@Giants,W 36 - 9,,,,,,,,,,,,,,,,Jimmy Garoppolo
7,10/25/2020,@Patriots,W 33 - 6,20,25,277,11.1,0,2,1,7,79.5,1,4,4,0,,,Jimmy Garoppolo
2,09/20/2020,@Jets,W 31 - 13,14,16,131,8.2,2,0,1,8,140.4,,,,,,,Jimmy Garoppolo
6,10/19/2020,Rams,W 24 - 16,23,33,268,8.1,3,0,0,0,124.3,4,8,2,0,,,Jimmy Garoppolo
1,09/13/2020,Cardinals,L 20 - 24,19,33,259,7.8,2,0,3,16,103,1,9,9,0,,,Jimmy Garoppolo
5,10/11/2020,Dolphins,L 17 - 43,7,17,77,4.5,0,2,3,23,15.7,,,,,1,0,Jimmy Garoppolo
4,10/05/2020,Eagles,L 20 - 25,,,,,,,,,,,,,,,,Jimmy Garoppolo
17,01/03/2021,Packers,L 16 - 35,33,42,252,6,0,1,1,4,81.7,4,22,5.5,0,,,Mitchell Trubisky
16,12/27/2020,@Jaguars,W 41 - 17,24,35,265,7.6,2,1,1,2,97.9,2,10,5,1,1,0,Mitchell Trubisky
15,12/20/2020,@Vikings,W 33 - 27,15,21,202,9.6,1,1,1,4,97.7,8,34,4.3,0,,,Mitchell Trubisky
14,12/13/2020,Texans,W 36 - 7,24,33,267,8.1,3,0,3,26,126.7,4,23,5.8,0,,,Mitchell Trubisky
13,12/06/2020,Lions,L 30 - 34,26,34,267,7.9,1,0,2,18,108.3,3,6,2,0,1,1,Mitchell Trubisky
12,11/30/2020,@Packers,L 25 - 41,26,46,242,5.3,3,2,3,13,74.7,3,10,3.3,0,3,1,Mitchell Trubisky
10,11/17/2020,Vikings,L 13 - 19,,,,,,,,,,,,,,,,Mitchell Trubisky
9,11/08/2020,@Titans,L 17 - 24,,,,,,,,,,,,,,,,Mitchell Trubisky
8,11/01/2020,Saints,L 23 - 26,,,,,,,,,,1,3,3,0,,,Mitchell Trubisky
7,10/27/2020,@Rams,L 10 - 24,,,,,,,,,,,,,,,,Mitchell Trubisky
2,09/20/2020,Giants,W 17 - 13,18,28,190,6.8,2,2,4,21,78,4,16,4,0,,,Mitchell Trubisky
6,10/18/2020,@Panthers,W 23 - 16,,,,,,,,,,,,,,,,Mitchell Trubisky
5,10/09/2020,Buccaneers,W 20 - 19,,,,,,,,,,,,,,,,Mitchell Trubisky
4,10/04/2020,Colts,L 11 - 19,,,,,,,,,,,,,,,,Mitchell Trubisky
3,09/27/2020,@Falcons,W 30 - 26,13,22,128,5.8,1,1,2,9,71.8,1,45,45,0,,,Mitchell Trubisky
1,09/13/2020,@Lions,W 27 - 23,20,36,242,6.7,3,0,1,28,104.2,3,26,8.7,0,1,0,Mitchell Trubisky
17,01/03/2021,Jets,W 28 - 14,21,30,242,8.1,3,0,3,23,127.4,11,79,7.2,0,,,Cam Newton
16,12/29/2020,Bills,L 9 - 38,5,10,34,3.4,0,0,2,20,57.9,4,24,6,1,,,Cam Newton
15,12/20/2020,@Dolphins,L 12 - 22,17,27,209,7.7,0,0,3,23,86.8,9,38,4.2,0,1,0,Cam Newton
14,12/11/2020,@Rams,L 3 - 24,9,16,119,7.4,0,1,4,21,53.9,7,16,2.3,0,1,0,Cam Newton
13,12/06/2020,@Chargers,W 45 - 0,12,19,69,3.6,1,0,1,4,87.4,14,48,3.4,2,1,0,Cam Newton
12,11/29/2020,Cardinals,W 20 - 17,9,18,84,4.7,0,2,3,15,23.6,9,46,5.1,0,,,Cam Newton
11,11/22/2020,@Texans,L 20 - 27,26,40,365,9.1,1,0,2,16,102.6,3,6,2,0,,,Cam Newton
10,11/16/2020,Ravens,W 23 - 17,13,17,118,6.9,1,0,1,7,114.3,11,21,1.9,1,,,Cam Newton
9,11/10/2020,@Jets,W 30 - 27,27,35,274,7.8,0,0,0,0,99,10,16,1.6,2,,,Cam Newton
8,11/01/2020,@Bills,L 21 - 24,15,25,174,7,0,0,2,13,81.1,9,54,6,1,1,1,Cam Newton
3,09/27/2020,Raiders,W 36 - 20,17,28,162,5.8,1,1,2,6,73.8,9,27,3,0,,,Cam Newton
7,10/25/2020,49ers,L 6 - 33,9,15,98,6.5,0,3,1,8,39.7,5,19,3.8,0,,,Cam Newton
6,10/18/2020,Broncos,L 12 - 18,17,25,157,6.3,0,2,4,24,51.6,10,76,7.6,1,2,0,Cam Newton
1,09/13/2020,Dolphins,W 21 - 11,15,19,155,8.2,0,0,2,15,100.7,15,75,5,2,,,Cam Newton
2,09/21/2020,@Seahawks,L 30 - 35,30,44,397,9,1,1,1,0,94.6,11,47,4.3,2,,,Cam Newton
17,01/03/2021,Raiders,L 31 - 32,25,41,339,8.3,2,0,2,15,103.6,2,7,3.5,0,,,Drew Lock
16,12/27/2020,@Chargers,L 16 - 19,24,47,264,5.6,0,2,2,1,50.3,5,15,3,1,,,Drew Lock
15,12/19/2020,Bills,L 19 - 48,20,32,132,4.1,1,0,3,17,81.8,5,37,7.4,0,1,1,Drew Lock
14,12/13/2020,@Panthers,W 32 - 27,21,27,280,10.4,4,0,1,11,149.5,6,4,0.7,0,2,1,Drew Lock
13,12/07/2020,@Chiefs,L 16 - 22,15,28,151,5.4,2,2,0,0,63.2,2,9,4.5,0,,,Drew Lock
12,11/29/2020,Saints,L 3 - 31,,,,,,,,,,,,,,,,Drew Lock
11,11/22/2020,Dolphins,W 20 - 13,18,30,270,9,0,1,0,0,75.7,2,23,11.5,0,,,Drew Lock
10,11/15/2020,@Raiders,L 12 - 37,23,47,257,5.5,1,4,2,10,37.3,2,7,3.5,0,1,0,Drew Lock
9,11/08/2020,@Falcons,L 27 - 34,25,48,313,6.5,2,1,1,11,77.9,7,47,6.7,1,,,Drew Lock
8,11/01/2020,Chargers,W 31 - 30,26,41,248,6,3,1,2,5,94.4,2,-1,-0.5,0,,,Drew Lock
3,09/27/2020,Buccaneers,L 10 - 28,,,,,,,,,,,,,,,,Drew Lock
7,10/25/2020,Chiefs,L 16 - 43,24,40,254,6.4,0,2,3,20,57.7,3,8,2.7,1,,,Drew Lock
2,09/20/2020,@Steelers,L 21 - 26,1,5,20,4,0,0,1,8,43.8,,,,,1,1,Drew Lock
6,10/18/2020,@Patriots,W 18 - 12,10,24,189,7.9,0,2,2,25,34.9,5,-1,-0.2,0,1,0,Drew Lock
1,09/15/2020,Titans,L 14 - 16,22,33,216,6.5,1,0,0,0,95,3,5,1.7,0,2,0,Drew Lock
4,10/02/2020,@Jets,W 37 - 28,,,,,,,,,,,,,,,,Drew Lock
17,01/03/2021,@Colts,L 14 - 28,,,,,,,,,,,,,,,,Gardner Minshew
16,12/27/2020,Bears,L 17 - 41,,,,,,,,,,,,,,,,Gardner Minshew
15,12/20/2020,@Ravens,L 14 - 40,22,29,226,7.8,2,0,5,21,120.8,2,9,4.5,0,1,1,Gardner Minshew
14,12/13/2020,Titans,L 10 - 31,18,31,178,5.7,1,0,0,0,85.1,2,22,11,0,,,Gardner Minshew
13,12/06/2020,@Vikings,L 24 - 27,,,,,,,,,,,,,,,,Gardner Minshew
12,11/29/2020,Browns,L 25 - 27,,,,,,,,,,,,,,,,Gardner Minshew
11,11/22/2020,Steelers,L 3 - 27,,,,,,,,,,,,,,,,Gardner Minshew
10,11/15/2020,@Packers,L 20 - 24,,,,,,,,,,,,,,,,Gardner Minshew
9,11/08/2020,Texans,L 25 - 27,,,,,,,,,,,,,,,,Gardner Minshew
3,09/25/2020,Dolphins,L 13 - 31,30,42,275,6.5,0,1,4,29,79,3,22,7.3,0,1,1,Gardner Minshew
7,10/25/2020,@Chargers,L 29 - 39,14,27,173,6.4,2,0,5,19,96.7,4,21,5.3,0,,,Gardner Minshew
2,09/20/2020,@Titans,L 30 - 33,30,45,339,7.5,3,2,2,24,92.7,4,19,4.8,0,1,0,Gardner Minshew
6,10/18/2020,Lions,L 16 - 34,25,44,243,5.5,1,1,1,12,70.5,3,14,4.7,1,1,1,Gardner Minshew
5,10/11/2020,@Texans,L 14 - 30,31,49,301,6.1,2,0,3,8,94,4,18,4.5,0,1,1,Gardner Minshew
4,10/04/2020,@Bengals,L 25 - 33,27,40,351,8.8,2,1,3,11,101.1,2,9,4.5,0,,,Gardner Minshew
1,09/13/2020,Colts,W 27 - 20,19,20,173,8.7,3,0,4,23,142.3,5,19,3.8,0,,,Gardner Minshew
17,01/04/2021,Football Team,L 14 - 20,,,,,,,,,,,,,,,,Carson Wentz
16,12/27/2020,@Cowboys,L 17 - 37,,,,,,,,,,,,,,,,Carson Wentz
15,12/20/2020,@Cardinals,L 26 - 33,,,,,,,,,,,,,,,,Carson Wentz
14,12/13/2020,Saints,W 24 - 21,,,,,,,,,,,,,,,,Carson Wentz
13,12/06/2020,@Packers,L 16 - 30,6,15,79,5.3,0,0,4,22,57.4,3,18,6,0,,,Carson Wentz
12,12/01/2020,Seahawks,L 17 - 23,25,45,215,4.8,2,1,6,41,73.8,5,42,8.4,0,,,Carson Wentz
11,11/22/2020,@Browns,L 17 - 22,21,35,235,6.7,2,2,5,26,75.3,3,10,3.3,0,1,0,Carson Wentz
10,11/15/2020,@Giants,L 17 - 27,21,37,208,5.6,0,0,3,18,72.8,2,4,2,0,2,0,Carson Wentz
8,11/02/2020,Cowboys,W 23 - 9,15,27,123,4.6,2,2,4,29,61.2,4,17,4.3,0,2,2,Carson Wentz
7,10/23/2020,Giants,W 22 - 21,25,43,359,8.3,2,1,3,13,91.1,7,14,2,1,,,Carson Wentz
6,10/18/2020,Ravens,L 28 - 30,21,40,213,5.3,2,0,6,43,84.7,5,49,9.8,1,1,1,Carson Wentz
1,09/13/2020,@Football Team,L 17 - 27,24,42,270,6.4,2,2,8,62,72.5,1,2,2,0,2,1,Carson Wentz
5,10/11/2020,@Steelers,L 29 - 38,20,35,258,7.4,2,2,5,34,75.7,4,11,2.8,0,,,Carson Wentz
4,10/05/2020,@49ers,W 25 - 20,18,28,193,6.9,1,1,3,19,81.4,7,37,5.3,1,1,0,Carson Wentz
3,09/27/2020,Bengals,T 23 - 23,29,47,225,4.8,1,2,3,19,62.8,9,65,7.2,1,1,0,Carson Wentz
2,09/20/2020,Rams,L 19 - 37,26,43,242,5.6,0,2,0,0,56.5,2,7,3.5,1,,,Carson Wentz
17,01/03/2021,@Patriots,L 14 - 28,23,34,266,7.8,1,2,3,27,76.3,1,3,3,0,,,Sam Darnold
16,12/27/2020,Browns,W 23 - 16,16,32,175,5.5,2,0,2,16,87.4,7,20,2.9,0,,,Sam Darnold
15,12/20/2020,@Rams,W 23 - 20,22,31,207,6.7,1,0,2,11,99.8,5,18,3.6,0,1,0,Sam Darnold
14,12/13/2020,@Seahawks,L 3 - 40,14,26,132,5.1,0,0,3,16,68.1,1,3,3,0,,,Sam Darnold
13,12/06/2020,Raiders,L 28 - 31,14,23,186,8.1,2,1,3,16,97.4,3,26,8.7,1,2,2,Sam Darnold
12,11/29/2020,Dolphins,L 3 - 20,16,27,197,7.3,0,2,3,24,51,2,9,4.5,0,,,Sam Darnold
11,11/22/2020,@Chargers,L 28 - 34,,,,,,,,,,,,,,,,Sam Darnold
9,11/10/2020,Patriots,L 27 - 30,,,,,,,,,,,,,,,,Sam Darnold
8,11/01/2020,@Chiefs,L 9 - 35,18,30,133,4.4,0,0,1,5,70.6,4,21,5.3,0,,,Sam Darnold
3,09/27/2020,@Colts,L 7 - 36,17,29,168,5.8,1,3,2,17,47,5,20,4,0,,,Sam Darnold
7,10/25/2020,Bills,L 10 - 18,12,23,120,5.2,0,2,6,29,31.1,,,,,1,0,Sam Darnold
2,09/20/2020,49ers,L 13 - 31,21,32,179,5.6,1,0,1,6,90.5,2,7,3.5,0,,,Sam Darnold
6,10/18/2020,@Dolphins,L 0 - 24,,,,,,,,,,,,,,,,Sam Darnold
1,09/13/2020,@Bills,L 17 - 27,21,35,215,6.1,1,1,3,13,75.3,1,6,6,0,,,Sam Darnold
5,10/11/2020,Cardinals,L 10 - 30,,,,,,,,,,,,,,,,Sam Darnold
4,10/02/2020,Broncos,L 28 - 37,23,42,230,5.5,0,0,6,54,70.5,6,84,14,1,,,Sam Darnold
17,01/04/2021,@Eagles,W 20 - 14,,,,,,,,,,,,,,,,Taylor Heinicke
16,12/27/2020,Panthers,L 13 - 20,12,19,137,7.2,1,0,1,7,102.3,3,22,7.3,0,,,Taylor Heinicke
15,12/20/2020,Seahawks,L 15 - 20,,,,,,,,,,,,,,,,Taylor Heinicke
17,01/03/2021,Dolphins,W 56 - 26,18,25,224,9,3,1,1,11,122.3,2,3,1.5,0,,,Josh Allen
16,12/29/2020,@Patriots,W 38 - 9,27,36,320,8.9,4,0,0,0,138.7,4,35,8.8,0,,,Josh Allen
15,12/19/2020,@Broncos,W 48 - 19,28,40,359,9,2,0,1,7,114.5,3,33,11,2,1,0,Josh Allen
14,12/14/2020,Steelers,W 26 - 15,24,43,238,5.5,2,1,1,8,77.5,6,28,4.7,0,1,0,Josh Allen
13,12/08/2020,@49ers,W 34 - 24,32,40,375,9.4,4,0,1,7,139.1,6,11,1.8,0,2,1,Josh Allen
12,11/29/2020,Chargers,W 27 - 17,18,24,157,6.5,1,1,2,10,88.4,9,32,3.6,1,1,1,Josh Allen
10,11/15/2020,@Cardinals,L 30 - 32,32,49,284,5.8,2,2,0,0,77.3,7,38,5.4,0,,,Josh Allen
9,11/08/2020,Seahawks,W 44 - 34,31,38,415,10.9,3,0,7,29,138.5,7,14,2,1,,,Josh Allen
8,11/01/2020,Patriots,W 24 - 21,11,18,154,8.6,0,1,1,5,65.5,10,23,2.3,1,,,Josh Allen
3,09/27/2020,Rams,W 35 - 32,24,33,311,9.4,4,1,4,37,128.9,4,8,2,1,1,1,Josh Allen
7,10/25/2020,@Jets,W 18 - 10,30,43,307,7.1,0,0,2,11,90,11,61,5.5,0,1,1,Josh Allen
2,09/20/2020,@Dolphins,W 31 - 28,24,35,415,11.9,4,0,1,4,146.7,4,19,4.8,0,,,Josh Allen
6,10/19/2020,Chiefs,L 17 - 26,14,27,122,4.5,2,1,0,0,73.4,8,42,5.3,0,,,Josh Allen
1,09/13/2020,Jets,W 27 - 17,33,46,312,6.8,2,0,3,6,104.6,14,57,4.1,1,2,2,Josh Allen
5,10/13/2020,@Titans,L 16 - 42,26,41,263,6.4,2,2,1,10,77.6,4,18,4.5,0,,,Josh Allen
4,10/04/2020,@Raiders,W 30 - 23,24,34,288,8.5,2,0,1,14,115.8,3,-1,-0.3,1,,,Josh Allen
